{
    "id": "0745e6fc-b502-37fc-8d23-bf07cdffbeaf",
    "subType": "iPhone",
    "brand": "Alcatel",
    "operatingSystem": "Apple iOS",
    "model": "Aquaris M4 5 Green",
    "sortOrdinal": 56,
    "sku": {
        "code": "1BQM45BN"
    },
    "stockLimited": false,
    "includeSimInUpgradeOrder": true,
    "channelPermissions": {
        "ConsumerNew": "Buyable",
        "ConsumerUpgrade": "Buyable",
        "VoiceNew": "Buyable",
        "VoiceUpgrade": "Buyable"
    },
    "leadModelInFamily": "0745e6fc-b502-37fc-8d23-bf07cdffbeaf",
    "modelFamily": "Aquaris M4",
    "stockInfo": {
        "stock": "InStock"
    },
    "disableClickAndCollect": true,
    "4gSupportedOnLaunch": true,
    "4gCapable": true,
    "4gEnabledBuildVersions": [],
    "tac": [],
    "sellingPoints": [],
    "longDescription": "",
    "images": {
        "orientation": "Portrait",
        "standard": {
            "listSingle": ${image('alcatel-aquaris-m4-5-green-2x1-tile.png')},
            "details": ${image('alcatel-aquaris-m4-5-green-sku-header.png')},
            "basket": ${image('alcatel-aquaris-m4-5-green-basket.png')},
            "tariff": ${image('alcatel-aquaris-m4-5-green-basket.png')}
        }
    },
    "keyFeatures": [],
    "techSpec": [],
    "replacementCost": "999.00",
    "costToO2": "999.99",
    "cashPrice": "999.99",
    "rrp": "999.00",
    "ccaDefaultDataAllowanceId": "",
    "relationships": [
        {
            "type": "plan",
            "id": ${idOf('/plan/q116/24m_cca_refresh/primary/set_1/unltd-24m-1gb-cca-18gbp.json')},
            "prices": [
                {
                    "oneOff": "79.99",
                    "monthly": "23.00"
                },
                {
                    "oneOff": "9.99",
                    "monthly": "28.00",
                    "isDefault": true
                },
                {
                    "oneOff": "681.99",
                    "monthly": "0.00"
                }
            ]
        },
        {
            "type": "plan",
            "id": ${idOf('/plan/q116/may/24_refresh_voice/primary/set4/unltd-24m-2gb-refresh-18-00gbp.json')},
            "prices": [
                {
                    "oneOff": "79.99",
                    "monthly": "23.00"
                },
                {
                    "oneOff": "9.99",
                    "monthly": "28.00"
                },
                {
                    "oneOff": "681.99",
                    "monthly": "0.00"
                }
            ]
        },
        {
            "type": "plan",
            "id": ${idOf('/plan/q116/24m_cca_refresh/primary/set_1/unltd-24m-3gb-cca-21-5gbp.json')},
            "prices": [
                {
                    "oneOff": "69.99",
                    "monthly": "23.00"
                },
                {
                    "oneOff": "0.00",
                    "monthly": "28.00"
                },
                {
                    "oneOff": "681.99",
                    "monthly": "0.00"
                }
            ]
        },
        {
            "type": "plan",
            "id": ${idOf('/plan/q116/24m_cca_refresh/primary/set_1/unltd-24m-5gb-cca-25gbp.json')},
            "prices": [
                {
                    "oneOff": "39.99",
                    "monthly": "23.00"
                },
                {
                    "oneOff": "0.00",
                    "monthly": "28.00"
                },
                {
                    "oneOff": "681.99",
                    "monthly": "0.00"
                }
            ]
        },
        {
            "type": "plan",
            "id": ${idOf('/plan/q116/may/24_refresh_voice/primary/set4/unltd-24m-6gb-refresh-21-50gbp.json')},
            "prices": [
                {
                    "oneOff": "69.99",
                    "monthly": "23.00"
                },
                {
                    "oneOff": "0.00",
                    "monthly": "28.00"
                },
                {
                    "oneOff": "681.99",
                    "monthly": "0.00"
                }
            ]
        },
        {
            "type": "plan",
            "id": ${idOf('/plan/q116/may/24_refresh_voice/primary/set4/unltd-24m-10gb-refresh-25-00gbp.json')},
            "prices": [
                {
                    "oneOff": "39.99",
                    "monthly": "23.00"
                },
                {
                    "oneOff": "0.00",
                    "monthly": "28.00"
                },
                {
                    "oneOff": "681.99",
                    "monthly": "0.00"
                }
            ]
        },
        {
            "type": "plan",
            "id": ${idOf('/plan/q116/may/24_refresh_voice/primary/set1/unltd-24m-20gb-refresh-30-00gbp.json')},
            "prices": [
                {
                    "oneOff": "19.99",
                    "monthly": "23.00"
                },
                {
                    "oneOff": "0.00",
                    "monthly": "28.00"
                },
                {
                    "oneOff": "681.99",
                    "monthly": "0.00"
                }
            ]
        },
        {
            "type": "plan",
            "id": ${idOf('/plan/q116/24m_cca_refresh/primary/set_5_contingency/unltd-24m-30gb-cca-35gbp.json')},
            "prices": [
                {
                    "oneOff": "19.99",
                    "monthly": "23.00"
                },
                {
                    "oneOff": "0.00",
                    "monthly": "28.00"
                },
                {
                    "oneOff": "681.99",
                    "monthly": "0.00"
                }
            ]
        },
        {
            "type": "plan",
            "id": ${idOf('/plan/q116/24m_cca_refresh/secondary/set_1/unltd-24m-shared-cca-16-5gbp.json')},
            "prices": [
                {
                    "oneOff": "79.99",
                    "monthly": "23.00"
                },
                {
                    "oneOff": "9.99",
                    "monthly": "28.00"
                },
                {
                    "oneOff": "681.99",
                    "monthly": "0.00"
                }
            ]
        },
        {
            "type": "plan",
            "id": ${idOf('/plan/q116/24m_paym/non_sharing/set_11/unltd-24m-1gb-paym-43gbp.json')},
            "prices": [
                {
                    "oneOff": "79.99"
                }
            ]
        },
        {
            "type": "plan",
            "id": ${idOf('/plan/q116/24m_paym/non_sharing/set_13/unltd-24m-1gb-paym-48gbp.json')},
            "prices": [
                {
                    "oneOff": "9.99"
                }
            ]
        },
        {
            "type": "plan",
            "id": ${idOf('/plan/q116/24m_paym/non_sharing/set_11/unltd-24m-3gb-paym-46-5gbp.json')},
            "prices": [
                {
                    "oneOff": "69.99"
                }
            ]
        },
        {
            "type": "plan",
            "id": ${idOf('/plan/q116/24m_paym/non_sharing/set_13/unltd-24m-3gb-paym-51-5gbp.json')},
            "prices": [
                {
                    "oneOff": "0.00"
                }
            ]
        },
        {
            "type": "plan",
            "id": ${idOf('/plan/q116/24m_paym/non_sharing/set_11/unltd-24m-5gb-paym-50gbp.json')},
            "prices": [
                {
                    "oneOff": "39.99"
                }
            ]
        },
        {
            "type": "plan",
            "id": ${idOf('/plan/q116/24m_paym/non_sharing/set_13/unltd-24m-5gb-paym-55gbp.json')},
            "prices": [
                {
                    "oneOff": "0.00"
                }
            ]
        },
        {
            "type": "plan",
            "id": ${idOf('/plan/q116/24m_paym/non_sharing/set_8/unltd-24m-20gb-paym-55gbp.json')},
            "prices": [
                {
                    "oneOff": "19.99"
                }
            ]
        },
        {
            "type": "plan",
            "id": ${idOf('/plan/q116/24m_paym/non_sharing/set_11/unltd-24m-20gb-paym-60gbp.json')},
            "prices": [
                {
                    "oneOff": "0.00"
                }
            ]
        },
        {
            "type": "plan",
            "id": ${idOf('/plan/q116/24m_paym/non_sharing/set_8/unltd-24m-30gb-paym-60gbp.json')},
            "prices": [
                {
                    "oneOff": "19.99"
                }
            ]
        },
        {
            "type": "plan",
            "id": ${idOf('/plan/q116/24m_paym/non_sharing/set_11/unltd-24m-30gb-paym-65gbp.json')},
            "prices": [
                {
                    "oneOff": "0.00"
                }
            ]
        },
        {
            "type": "plan",
            "id": ${idOf('/plan/prepaySims/big_talker_and_international_tariffs/big_talker_triple_sim.json')},
            "prices": [
                {
                    "oneOff": "629.99"
                }
            ]
        },
        {
            "type": "plan",
            "id": ${idOf('/plan/prepaySims/big_talker_and_international_tariffs/international_sim_triple_sim.json')},
            "prices": [
                {
                    "oneOff": "629.99"
                }
            ]
        },
        {
            "type": "plan",
            "id": ${idOf('/plan/prepaySims/q114/big_bundle_10_triple_sim.json')},
            "prices": [
                {
                    "oneOff": "629.99"
                }
            ]
        },
        {
            "type": "plan",
            "id": ${idOf('/plan/prepaySims/q114/big_bundle_15_triple_sim.json')},
            "prices": [
                {
                    "oneOff": "629.99"
                }
            ]
        },
        {
            "type": "plan",
            "id": ${idOf('/plan/prepaySims/q114/big_bundle_25_triple_sim.json')},
            "prices": [
                {
                    "oneOff": "629.99"
                }
            ]
        },
        {
            "type": "plan",
            "id": ${idOf('/plan/prepaySims/q114/big_bundle_20_triple_sim.json')},
            "prices": [
                {
                    "oneOff": "629.99"
                }
            ]
        },
        {
            "type": "plan",
            "id": ${idOf('/plan/prepaySims/big_talker_and_international_tariffs/international_sim_triple_new_sim.json')},
            "prices": [
                {
                    "oneOff": "629.99"
                }
            ]
        },
        {
            "type": "plan",
            "id": ${idOf('/plan/prepaySims/big_talker_and_international_tariffs/big_talker_triple_new_sim.json')},
            "prices": [
                {
                    "oneOff": "629.99"
                }
            ]
        },
        {
            "type": "insurance",
            "id": ${idOf('/insurances/o2-insure-monthly-premier-plus.json')}
        },
        {
            "type": "insurance",
            "id": ${idOf('/insurances/o2-accidental-dam-6gbp.json')}
        },
        {
            "type": "plan",
            "id": ${idOf('/plan/prepaySims/q114/big_bundle_30_triple_sim.json')},
            "prices": [
                {
                    "oneOff": "629.99"
                }
            ]
        },
        {
            "type": "plan",
            "id": ${idOf('/plan/prepaySims/q114/big_bundle_1gb_10_triple_sim.json')},
            "prices": [
                {
                    "oneOff": "629.99"
                }
            ]
        },
        {
            "type": "dataallowance",
            "id": "iphone"
        }
    ],
    "simType": "Micro",
    "fulfillmentData": {
        "productType": "HAN",
        "productName": "HAN Alcatel Aquaris M4 5 Green 1BQM45BN",
        "risk": "2",
        "otherProducts": [
            {
                "productType": "POS",
                "productId": "24GTRIVN",
                "productName": "Pay Monthly Triple SIM 24GTRIVN SKU"
            },
            {
                "productType": "LIT",
                "productId": "O2CN1252N",
                "productName": "LIT O2 Recycle Leaflet O2CN1252N"
            }
        ]
    },
    "attachments": [],
    "classification": {
        "colour": {
            "display": "Green",
            "primary": "#00002"
        },
        "memory": {
            "unit": "GB",
            "value": "32",
            "display": "32GB"
        }
    },
    "snippet": "I am testing 3",
    "colourGroup": "Green",
    "condition": "New",
    "lifecycle": {
        "status": "ComingSoon"
    },
    "alternativeDevices": [],
    "disableClickAndCollectNow": true,
    "ccaProductInformation": "Alcatel Aquaris M4 5",
    "features": {
        "banner": [
            {
                "heading": "",
                "imageUrl": ""
            },
            {
                "heading": "",
                "imageUrl": ""
            },
            {
                "heading": "",
                "imageUrl": ""
            },
            {
                "heading": "",
                "imageUrl": ""
            }
        ],
        "featuredItems": [
            {
                "featureType": "image",
                "mediaData": {
                    "url": "",
                    "alignment": "left",
                    "text": {
                        "heading": "",
                        "content": ""
                    }
                }
            }
        ]
    },
    "bluetooth": true,
    "removableBattery": false,
    "hdCamera": true,
    "splashProof": false,
    "nfc": true,
    "cameraResolution": {
        "unit": "Megapixels",
        "value": "yes",
        "display": "yesMP"
    },
    "screenSize": {
        "unit": "Inches",
        "value": "yes",
        "display": "yes inch"
    },
    "batteryLife": {
        "unit": "Hours",
        "value": "yes",
        "display": "yes Hours"
    },
    "weight": {
        "unit": "Grammes",
        "value": "132g",
        "display": "132gg"
    },
    "technicalSpecification": {
        "featuredSpecifications": [
            {
                "name": "Camera",
                "imageUrl": "https://www.o2.co.uk/shop/homepage/images/shop15/common/spec/ico-tech-spec-screen-camera-bp3.png",
                "description": "yesMP"
            },
            {
                "name": "Battery life",
                "imageUrl": "https://www.o2.co.uk/shop/homepage/images/shop15/common/spec/ico-tech-spec-screen-battery-bp3.png",
                "description": "yes Hours"
            },
            {
                "name": "Weight",
                "imageUrl": "https://www.o2.co.uk/shop/homepage/images/shop15/common/spec/ico-tech-spec-screen-weight-bp3.png",
                "description": "132gg"
            },
            {
                "name": "Screen size",
                "imageUrl": "https://www.o2.co.uk/shop/homepage/images/shop15/common/spec/ico-tech-spec-screen-screen-size-bp3.png",
                "description": "yes inch"
            }
        ],
        "techSpec": [
            {
                "title": "Overall Specification",
                "data": [
                    {
                        "canonicalKey": "talk-time",
                        "detailsLabel": "Talk Time",
                        "comparisonLabel": "Talk Time",
                        "displayValue": "yes Hours",
                        "showOnComparison": true
                    },
                    {
                        "canonicalKey": "standby-time",
                        "detailsLabel": "Standby Time",
                        "comparisonLabel": "Standby Time",
                        "displayValue": "520h Hours",
                        "showOnComparison": true
                    },
                    {
                        "canonicalKey": "dimensions",
                        "detailsLabel": "Dimensions",
                        "comparisonLabel": "Dimensions",
                        "displayValue": "123x121x143",
                        "showOnComparison": true
                    },
                    {
                        "canonicalKey": "weight",
                        "detailsLabel": "Weight",
                        "comparisonLabel": "Weight",
                        "displayValue": "132gg",
                        "showOnComparison": true
                    },
                    {
                        "canonicalKey": "screen-size",
                        "detailsLabel": "Screen Size",
                        "comparisonLabel": "Screen Size",
                        "displayValue": "yes inch",
                        "showOnComparison": true
                    },
                    {
                        "canonicalKey": "internal-phone-memory",
                        "detailsLabel": "Internal Phone Memory",
                        "comparisonLabel": "Internal Phone Memory",
                        "displayValue": "32GB",
                        "showOnComparison": true
                    },
                    {
                        "canonicalKey": "email-capability",
                        "detailsLabel": "Email Capability",
                        "comparisonLabel": "Email Capability",
                        "displayValue": "Yes"
                    },
                    {
                        "canonicalKey": "business-recommended",
                        "detailsLabel": "Business Recommended",
                        "comparisonLabel": "Business Recommended",
                        "displayValue": "Yes"
                    },
                    {
                        "canonicalKey": "operating-system",
                        "detailsLabel": "Operating System",
                        "comparisonLabel": "Operating System",
                        "displayValue": "iOS 9",
                        "showOnComparison": true
                    },
                    {
                        "canonicalKey": "splash-proof",
                        "detailsLabel": "Splash proof",
                        "comparisonLabel": "Splash proof",
                        "displayValue": "yes",
                        "showOnComparison": true
                    }
                ]
            },
            {
                "title": "Entertainment",
                "data": [
                    {
                        "canonicalKey": "back-camera",
                        "detailsLabel": "Back Camera",
                        "comparisonLabel": "Back Camera",
                        "displayValue": "yesMP",
                        "showOnComparison": true
                    },
                    {
                        "canonicalKey": "front-camera",
                        "detailsLabel": "Front Camera",
                        "comparisonLabel": "Front Camera",
                        "displayValue": "12mp",
                        "showOnComparison": true
                    },
                    {
                        "canonicalKey": "video-capture",
                        "detailsLabel": "Video Capture",
                        "comparisonLabel": "Video Capture",
                        "displayValue": "Yes"
                    },
                    {
                        "canonicalKey": "nfc",
                        "detailsLabel": "NFC",
                        "comparisonLabel": "NFC",
                        "displayValue": "Yes"
                    },
                    {
                        "canonicalKey": "music-player",
                        "detailsLabel": "Music Player",
                        "comparisonLabel": "Music Player",
                        "displayValue": "Yes"
                    },
                    {
                        "canonicalKey": "fm-radio",
                        "detailsLabel": "FM Radio",
                        "comparisonLabel": "FM Radio",
                        "displayValue": "No"
                    }
                ]
            },
            {
                "title": "Connectivity",
                "data": [
                    {
                        "canonicalKey": "data-connectivity",
                        "detailsLabel": "Data Connectivity",
                        "comparisonLabel": "Data Connectivity",
                        "displayValue": "Bluetooth"
                    },
                    {
                        "canonicalKey": "band-type",
                        "detailsLabel": "Band Type",
                        "comparisonLabel": "Band Type",
                        "displayValue": "HiFi"
                    },
                    {
                        "canonicalKey": "bluetooth",
                        "detailsLabel": "Bluetooth",
                        "comparisonLabel": "Bluetooth",
                        "displayValue": "yes"
                    },
                    {
                        "canonicalKey": "stereo-bluetooth",
                        "detailsLabel": "Stereo Bluetooth",
                        "comparisonLabel": "Stereo Bluetooth",
                        "displayValue": "Yes"
                    },
                    {
                        "canonicalKey": "wi-fi",
                        "detailsLabel": "Wi-Fi",
                        "comparisonLabel": "Wi-Fi",
                        "displayValue": "Type c"
                    },
                    {
                        "canonicalKey": "gps",
                        "detailsLabel": "GPS",
                        "comparisonLabel": "GPS",
                        "displayValue": "Yes",
                        "showOnComparison": true
                    },
                    {
                        "canonicalKey": "3g",
                        "detailsLabel": "3G",
                        "comparisonLabel": "3G",
                        "displayValue": "Yes"
                    },
                    {
                        "canonicalKey": "4g",
                        "detailsLabel": "4G",
                        "comparisonLabel": "4G",
                        "displayValue": "Yes"
                    }
                ]
            }
        ]
    }
}