{
    "id": "f408037f-7e77-940d-80af-4b64a44382ef",
    "subType": "iPhone",
    "brand": "Amazon",
    "operatingSystem": "Apple iOS",
    "model": "Fire phone 64GB Blue",
    "sortOrdinal": 56,
    "sku": {
        "code": "1AMFI64N"
    },
    "stockLimited": false,
    "includeSimInUpgradeOrder": true,
    "channelPermissions": {
        "ConsumerNew": "Buyable",
        "ConsumerUpgrade": "Buyable",
        "VoiceNew": "Buyable",
        "VoiceUpgrade": "Buyable"
    },
    "leadModelInFamily": "d2167c22-1b63-a33f-ffbd-6ff366e1d152",
    "modelFamily": "Fire phone",
    "stockInfo": {
        "stock": "InStock"
    },
    "disableClickAndCollect": true,
    "4gSupportedOnLaunch": true,
    "4gCapable": true,
    "4gEnabledBuildVersions": [],
    "tac": [],
    "sellingPoints": [],
    "longDescription": "",
    "images": {
        "orientation": "Portrait",
        "standard": {
            "listSingle": ${image('amazon-fire-phone-64gb-blue-2x1-tile.png')},
            "details": ${image('amazon-fire-phone-64gb-blue-sku-header.png')},
            "basket": ${image('amazon-fire-phone-64gb-blue-basket.png')},
            "tariff": ${image('amazon-fire-phone-64gb-blue-basket.png')}
        }
    },
    "keyFeatures": [],
    "techSpec": [],
    "replacementCost": "999.00",
    "costToO2": "999.99",
    "cashPrice": "999.99",
    "rrp": "999.00",
    "ccaDefaultDataAllowanceId": "",
    "relationships": [
        {
            "type": "plan",
            "id": ${idOf('/plan/q116/24m_cca_refresh/primary/set_1/unltd-24m-1gb-cca-18gbp.json')},
            "prices": [
                {
                    "oneOff": "79.99",
                    "monthly": "23.00"
                },
                {
                    "oneOff": "9.99",
                    "monthly": "28.00",
                    "isDefault": true
                },
                {
                    "oneOff": "681.99",
                    "monthly": "0.00"
                }
            ]
        },
        {
            "type": "plan",
            "id": ${idOf('/plan/q116/may/24_refresh_voice/primary/set4/unltd-24m-2gb-refresh-18-00gbp.json')},
            "prices": [
                {
                    "oneOff": "79.99",
                    "monthly": "23.00"
                },
                {
                    "oneOff": "9.99",
                    "monthly": "28.00"
                },
                {
                    "oneOff": "681.99",
                    "monthly": "0.00"
                }
            ]
        },
        {
            "type": "plan",
            "id": ${idOf('/plan/q116/24m_cca_refresh/primary/set_1/unltd-24m-3gb-cca-21-5gbp.json')},
            "prices": [
                {
                    "oneOff": "69.99",
                    "monthly": "23.00"
                },
                {
                    "oneOff": "0.00",
                    "monthly": "28.00"
                },
                {
                    "oneOff": "681.99",
                    "monthly": "0.00"
                }
            ]
        },
        {
            "type": "plan",
            "id": ${idOf('/plan/q116/24m_cca_refresh/primary/set_1/unltd-24m-5gb-cca-25gbp.json')},
            "prices": [
                {
                    "oneOff": "39.99",
                    "monthly": "23.00"
                },
                {
                    "oneOff": "0.00",
                    "monthly": "28.00"
                },
                {
                    "oneOff": "681.99",
                    "monthly": "0.00"
                }
            ]
        },
        {
            "type": "plan",
            "id": ${idOf('/plan/q116/may/24_refresh_voice/primary/set4/unltd-24m-6gb-refresh-21-50gbp.json')},
            "prices": [
                {
                    "oneOff": "69.99",
                    "monthly": "23.00"
                },
                {
                    "oneOff": "0.00",
                    "monthly": "28.00"
                },
                {
                    "oneOff": "681.99",
                    "monthly": "0.00"
                }
            ]
        },
        {
            "type": "plan",
            "id": ${idOf('/plan/q116/may/24_refresh_voice/primary/set4/unltd-24m-10gb-refresh-25-00gbp.json')},
            "prices": [
                {
                    "oneOff": "39.99",
                    "monthly": "23.00"
                },
                {
                    "oneOff": "0.00",
                    "monthly": "28.00"
                },
                {
                    "oneOff": "681.99",
                    "monthly": "0.00"
                }
            ]
        },
        {
            "type": "plan",
            "id": ${idOf('/plan/q116/may/24_refresh_voice/primary/set1/unltd-24m-20gb-refresh-30-00gbp.json')},
            "prices": [
                {
                    "oneOff": "19.99",
                    "monthly": "23.00"
                },
                {
                    "oneOff": "0.00",
                    "monthly": "28.00"
                },
                {
                    "oneOff": "681.99",
                    "monthly": "0.00"
                }
            ]
        },
        {
            "type": "plan",
            "id": ${idOf('/plan/q116/24m_cca_refresh/primary/set_5_contingency/unltd-24m-30gb-cca-35gbp.json')},
            "prices": [
                {
                    "oneOff": "19.99",
                    "monthly": "23.00"
                },
                {
                    "oneOff": "0.00",
                    "monthly": "28.00"
                },
                {
                    "oneOff": "681.99",
                    "monthly": "0.00"
                }
            ]
        },
        {
            "type": "plan",
            "id": ${idOf('/plan/q116/24m_cca_refresh/secondary/set_1/unltd-24m-shared-cca-16-5gbp.json')},
            "prices": [
                {
                    "oneOff": "79.99",
                    "monthly": "23.00"
                },
                {
                    "oneOff": "9.99",
                    "monthly": "28.00"
                },
                {
                    "oneOff": "681.99",
                    "monthly": "0.00"
                }
            ]
        },
        {
            "type": "plan",
            "id": ${idOf('/plan/q116/24m_paym/non_sharing/set_11/unltd-24m-1gb-paym-43gbp.json')},
            "prices": [
                {
                    "oneOff": "79.99"
                }
            ]
        },
        {
            "type": "plan",
            "id": ${idOf('/plan/q116/24m_paym/non_sharing/set_13/unltd-24m-1gb-paym-48gbp.json')},
            "prices": [
                {
                    "oneOff": "9.99"
                }
            ]
        },
        {
            "type": "plan",
            "id": ${idOf('/plan/q116/24m_paym/non_sharing/set_11/unltd-24m-3gb-paym-46-5gbp.json')},
            "prices": [
                {
                    "oneOff": "69.99"
                }
            ]
        },
        {
            "type": "plan",
            "id": ${idOf('/plan/q116/24m_paym/non_sharing/set_13/unltd-24m-3gb-paym-51-5gbp.json')},
            "prices": [
                {
                    "oneOff": "0.00"
                }
            ]
        },
        {
            "type": "plan",
            "id": ${idOf('/plan/q116/24m_paym/non_sharing/set_11/unltd-24m-5gb-paym-50gbp.json')},
            "prices": [
                {
                    "oneOff": "39.99"
                }
            ]
        },
        {
            "type": "plan",
            "id": ${idOf('/plan/q116/24m_paym/non_sharing/set_13/unltd-24m-5gb-paym-55gbp.json')},
            "prices": [
                {
                    "oneOff": "0.00"
                }
            ]
        },
        {
            "type": "plan",
            "id": ${idOf('/plan/q116/24m_paym/non_sharing/set_8/unltd-24m-20gb-paym-55gbp.json')},
            "prices": [
                {
                    "oneOff": "19.99"
                }
            ]
        },
        {
            "type": "plan",
            "id": ${idOf('/plan/q116/24m_paym/non_sharing/set_11/unltd-24m-20gb-paym-60gbp.json')},
            "prices": [
                {
                    "oneOff": "0.00"
                }
            ]
        },
        {
            "type": "plan",
            "id": ${idOf('/plan/q116/24m_paym/non_sharing/set_8/unltd-24m-30gb-paym-60gbp.json')},
            "prices": [
                {
                    "oneOff": "19.99"
                }
            ]
        },
        {
            "type": "plan",
            "id": ${idOf('/plan/q116/24m_paym/non_sharing/set_11/unltd-24m-30gb-paym-65gbp.json')},
            "prices": [
                {
                    "oneOff": "0.00"
                }
            ]
        },
        {
            "type": "plan",
            "id": ${idOf('/plan/prepaySims/big_talker_and_international_tariffs/big_talker_triple_sim.json')},
            "prices": [
                {
                    "oneOff": "629.99"
                }
            ]
        },
        {
            "type": "plan",
            "id": ${idOf('/plan/prepaySims/big_talker_and_international_tariffs/international_sim_triple_sim.json')},
            "prices": [
                {
                    "oneOff": "629.99"
                }
            ]
        },
        {
            "type": "plan",
            "id": ${idOf('/plan/prepaySims/q114/big_bundle_10_triple_sim.json')},
            "prices": [
                {
                    "oneOff": "629.99"
                }
            ]
        },
        {
            "type": "plan",
            "id": ${idOf('/plan/prepaySims/q114/big_bundle_15_triple_sim.json')},
            "prices": [
                {
                    "oneOff": "629.99"
                }
            ]
        },
        {
            "type": "plan",
            "id": ${idOf('/plan/prepaySims/q114/big_bundle_25_triple_sim.json')},
            "prices": [
                {
                    "oneOff": "629.99"
                }
            ]
        },
        {
            "type": "plan",
            "id": ${idOf('/plan/prepaySims/q114/big_bundle_20_triple_sim.json')},
            "prices": [
                {
                    "oneOff": "629.99"
                }
            ]
        },
        {
            "type": "plan",
            "id": ${idOf('/plan/prepaySims/big_talker_and_international_tariffs/international_sim_triple_new_sim.json')},
            "prices": [
                {
                    "oneOff": "629.99"
                }
            ]
        },
        {
            "type": "plan",
            "id": ${idOf('/plan/prepaySims/big_talker_and_international_tariffs/big_talker_triple_new_sim.json')},
            "prices": [
                {
                    "oneOff": "629.99"
                }
            ]
        },
        {
            "type": "insurance",
            "id": ${idOf('/insurances/o2-insure-monthly-premier-plus.json')}
        },
        {
            "type": "insurance",
            "id": ${idOf('/insurances/o2-accidental-dam-6gbp.json')}
        },
        {
            "type": "plan",
            "id": ${idOf('/plan/prepaySims/q114/big_bundle_30_triple_sim.json')},
            "prices": [
                {
                    "oneOff": "629.99"
                }
            ]
        },
        {
            "type": "plan",
            "id": ${idOf('/plan/prepaySims/q114/big_bundle_1gb_10_triple_sim.json')},
            "prices": [
                {
                    "oneOff": "629.99"
                }
            ]
        },
        {
            "type": "dataallowance",
            "id": "iphone"
        }
    ],
    "simType": "Micro",
    "fulfillmentData": {
        "productType": "HAN",
        "productName": "HAN Amazon Fire phone 64GB Blue 1AMFI64N",
        "risk": "2",
        "otherProducts": [
            {
                "productType": "POS",
                "productId": "24GTRIVN",
                "productName": "Pay Monthly Triple SIM 24GTRIVN SKU"
            },
            {
                "productType": "LIT",
                "productId": "O2CN1252N",
                "productName": "LIT O2 Recycle Leaflet O2CN1252N"
            }
        ]
    },
    "attachments": [],
    "classification": {
        "colour": {
            "display": "Blue",
            "primary": "#00001"
        },
        "memory": {
            "unit": "GB",
            "value": "32",
            "display": "32GB"
        }
    },
    "colourGroup": "Blue",
    "condition": "New",
    "lifecycle": {
        "status": "ComingSoon"
    },
    "alternativeDevices": [],
    "disableClickAndCollectNow": true,
    "ccaProductInformation": "Amazon Fire phone 64GB"
}