{
    "id": "4eeb7dd0-af34-5ae8-a94e-f1a0480dc2f4",
    "brand": "Knomo",
    "model": "iPhone 7 Snap On Cover  Rose Gold",
    "sortOrdinal": 28,
    "recommended": false,
    "price": 19.99,
    "type": "Cases and Protection",
    "sku": {
        "code": "1AMFI32N"
    },
    "recommendedForPhones": [],
    "images": {
        "orientation": "Portrait",
        "standard": {
            "listSingle": ${image('knomo-iphone-7-snap-on-cover--rose-gold-2x1-tile.png')},
            "details": ${image('knomo-iphone-7-snap-on-cover--rose-gold-sku-header.png')},
            "basket": ${image('knomo-iphone-7-snap-on-cover--rose-gold-basket.png')},
            "listDouble": "",
            "listHalf": "",
            "tariff": ${image('knomo-iphone-7-snap-on-cover--rose-gold-basket.png')}
        }
    },
    "snippet": "Protect your iPhone with a sleek and practical case. It's moulded from high-quality ABS to protect your phone from bumps. And it's got a genuine leather inlay on the reverse side.",
    "sellingPoints": [
        "Full access to ports and controls",
        "Offers shock-resistant protection",
        "Stylish design with leather inlay",
        "Compatible with iPhone 7"
    ],
    "fulfillmentData": {
        "productType": "ACC",
        "productName": "ACC Knomo iPhone 7 Snap On Cover  Rose Gold 1AMFI32N",
        "risk": "1"
    },
    "channelPermissions": {
        "ConsumerNew": "Buyable",
        "ConsumerUpgrade": "Buyable",
        "VoiceNew": "Buyable",
        "VoiceUpgrade": "Buyable"
    },
    "disableClickAndCollectNow": false,
    "modelFamily": "iPhone 7 Snap On",
    "leadModelInFamily": "4eeb7dd0-af34-5ae8-a94e-f1a0480dc2f4",
    "condition": "New",
    "lifecycle": {
        "status": "Active"
    },
    "features": {
        "banner": [
            {
                "heading": "Full access to ports and controls"
            },
            {
                "heading": "Offers shock-resistant protection"
            },
            {
                "heading": "Stylish design with leather inlay"
            },
            {
                "heading": "Compatible with iPhone 7"
            }
        ]
    },
    "colourGroup": "yellow",
    "compatibilityList": [
        "7",
        "Apple iPhone 7",
        "iPhone 7"
    ],
    "costToO2": "",
    "stockInfo": {
        "stock": "InStock"
    }
}