{
    "id": "4d5bde8f-e468-89e0-89fb-092d500ce24d",
    "brand": "Tech 21",
    "model": "Aquaris M4 5 Green",
    "sortOrdinal": 28,
    "recommended": false,
    "price": 19.99,
    "type": "Cases and Protection",
    "sku": {
        "code": "1BQM45BN"
    },
    "recommendedForPhones": [],
    "images": {
        "orientation": "Portrait",
        "standard": {
            "listSingle": ${image('tech-21-aquaris-m4-5-green-2x1-tile.png')},
            "details": ${image('tech-21-aquaris-m4-5-green-sku-header.png')},
            "basket": ${image('tech-21-aquaris-m4-5-green-basket.png')},
            "listDouble": "",
            "listHalf": "",
            "tariff": ${image('tech-21-aquaris-m4-5-green-basket.png')}
        }
    },
    "sellingPoints": [
        "Full access to ports and controls",
        "Offers shock-resistant protection",
        "Stylish design with leather inlay",
        "Compatible with iPhone 8"
    ],
    "fulfillmentData": {
        "productType": "ACC",
        "productName": "ACC Tech 21 Aquaris M4 5 Green 1BQM45BN",
        "risk": "1"
    },
    "channelPermissions": {
        "ConsumerNew": "Buyable",
        "ConsumerUpgrade": "Buyable",
        "VoiceNew": "Buyable",
        "VoiceUpgrade": "Buyable"
    },
    "disableClickAndCollectNow": false,
    "modelFamily": "iPhone 7 Snap On",
    "leadModelInFamily": "cacf3511-8af0-f9e8-1cf8-6e5c05dfe55d",
    "condition": "New",
    "lifecycle": {
        "status": "Active"
    },
    "features": {
        "banner": [
            {
                "heading": "Full access to ports and controls"
            },
            {
                "heading": "Offers shock-resistant protection"
            },
            {
                "heading": "Stylish design with leather inlay"
            },
            {
                "heading": "Compatible with iPhone 8"
            }
        ]
    },
    "classification": {
        "colour": {
            "display": "Green",
            "primary": "#a07b6a"
        }
    },
    "colourGroup": "Green",
    "compatibilityList": [
        "7",
        "Apple iPhone 7",
        "iPhone 8"
    ],
    "costToO2": "",
    "stockInfo": {
        "stock": "InStock"
    }
}