{
    "id": "cacf3511-8af0-f9e8-1cf8-6e5c05dfe55d",
    "brand": "Knomo",
    "model": "iPhone 7 Snap On Cover Blue",
    "sortOrdinal": 28,
    "recommended": false,
    "price": 19.99,
    "type": "Cases and Protection",
    "sku": {
        "code": "1AMFI64N"
    },
    "recommendedForPhones": [],
    "images": {
        "orientation": "Portrait",
        "standard": {
            "listSingle": ${image('knomo-iphone-7-snap-on-cover-blue-2x1-tile.png')},
            "details": ${image('knomo-iphone-7-snap-on-cover-blue-sku-header.png')},
            "basket": ${image('knomo-iphone-7-snap-on-cover-blue-basket.png')},
            "listDouble": "",
            "listHalf": "",
            "tariff": ${image('knomo-iphone-7-snap-on-cover-blue-basket.png')}
        }
    },
    "snippet": "Protect your iPhone with a sleek and practical case. It's moulded from high-quality ABS to protect your phone from bumps. And it's got a genuine leather inlay on the reverse side.",
    "sellingPoints": [
        "Full access to ports and controls",
        "Offers shock-resistant protection",
        "Stylish design with leather inlay",
        "Compatible with iPhone 8"
    ],
    "fulfillmentData": {
        "productType": "ACC",
        "productName": "ACC Knomo iPhone 7 Snap On Cover Blue 1AMFI64N",
        "risk": "1"
    },
    "channelPermissions": {
        "ConsumerNew": "Buyable",
        "ConsumerUpgrade": "Buyable",
        "VoiceNew": "Buyable",
        "VoiceUpgrade": "Buyable"
    },
    "disableClickAndCollectNow": false,
    "modelFamily": "iPhone 7 Snap On",
    "leadModelInFamily": "cacf3511-8af0-f9e8-1cf8-6e5c05dfe55d",
    "condition": "New",
    "lifecycle": {
        "status": "Active"
    },
    "features": {
        "banner": [
            {
                "heading": "Full access to ports and controls"
            },
            {
                "heading": "Offers shock-resistant protection"
            },
            {
                "heading": "Stylish design with leather inlay"
            },
            {
                "heading": "Compatible with iPhone 8"
            }
        ]
    },
    "classification": {
        "colour": {
            "display": "Blue",
            "primary": "#a07b6a"
        }
    },
    "colourGroup": "Blue",
    "compatibilityList": [
        "7",
        "Apple iPhone 7",
        "iPhone 8"
    ],
    "costToO2": "",
    "stockInfo": {
        "stock": "InStock"
    }
}